수정 대상,세부 점검항목,점 검 내 용
CPU 사용률,CPU 사용률,CPU 사용률 점검 (단위: %)
코어별 성능 점검,코어별 상태 점검,물리적 코어의 정상(Online/Offline) 유무 점검
메모리 사용률,메모리 사용률,메모리 사용률 확인 (단위: %)
메모리 상태 확인,메모리 상태 확인,할당된 메모리의 정상 인식 여부 확인 (단위: GB)
Paging Space,Paging Space,사용 가능한 가상 메모리 사용률 확인 - 해당 수치가 높은 경우 메모리 부족 판단 시 사용 (단위: %)
파일시스템 사용량,파일시스템 사용량,파일시스템 사용량 점검 (단위: %)
Disk Swap 사용률,Disk Swap 사용률,"사용 가능한 가상 메모리 크기 확인 - 하드디스크를 메모리처럼 사용하여 부족한 메모리의 용량을 증대, 가상 메모리가 사용한 크기와 사용 가능한 크기를 확인 (단위: %)"
Disk 이중화 정상 여부,Disk 이중화 정상 여부,Disk 이중화 정상 유무 점검 - 레이드 구성 및 State의 상태가 Ok/Maintenance
Disk 인식 여부 점검,Disk 인식 여부 점검,Disk 인식 정상 유무 점검 - Disk Status : Unknown/Drive not available
Disk I/O 점검,Disk I/O 점검,"Disk I/O 점검 - Soft Errors, Hard Errors, Transport Errors, Iowait의 지연 확인 (단위: %)"
I-Node 사용률,I-Node 사용률,I-Node 사용률 점검 (단위: %)
Cluster 데몬 상태,Cluster 데몬 상태,Cluster 정상 유무 점검 - 클러스터의 데몬 Maintenance/Offline 점검
공유 볼륨 상태 점검,공유 볼륨 상태 점검,"공유 볼륨 Read/Write 상태 및 마운트 정상 유무 점검 - File System State On, HSM Server Not Responding"
NW 링크 상태 점검,NW 링크 상태 점검,"Network 연결상태 정상 유무 점검 - NIC별 STATE Up, Down, Unknown 상태 확인"
NIC 이중화 점검,NIC 이중화 점검,"NIC 이중화(IPMP) 및 Daemon 상태 점검 - STATE Down/Up, ACTIVE No/Yes, GROUPNAME 상태"
Ping Loss,Ping Loss,Network 통신 상태 점검 - Default Router로 Ping 테스트
Path 이중화 점검,Path 이중화 점검,Multipath 이중화 정상 유무 점검 - CONNECTED 상태 확인
HBA 연결 상태 점검,HBA 연결 상태 점검,"HBA 연결 정상 유무 점검 - State Online, Current Speed"
프로세스 CPU 사용률,프로세스 CPU 사용률,WEB 서비스 부하 확인을 위한 WEB 프로세스가 사용하고 있는 CPU 자원 사용률 확인 (단위: %)
프로세스 메모리 사용률,프로세스 메모리 사용률,WEB 서비스 부하 확인을 위한 WEB 프로세스가 사용하고 있는 메모리 자원 사용률 확인 (단위: %)
프로세스 사용 상태 점검,프로세스 사용 상태 점검,점유 리소스 사용률 점검 (단위: %)
프로세스 기동 점검,프로세스 기동 점검,WEB 서비스를 위한 WEB 프로세스가 정상적으로 기동 되었는지를 점검
WEB 연결 파일시스템 점검,WEB 엔진 파일시스템 점검,WEB 엔진 설치 파일시스템 FULL로 인한 서비스 불가 확인을 위한 파일시스템 점검 (단위: %)
WEB 어플리케이션 설치 파일시스템 점검,WEB 어플리케이션 설치 파일시스템 점검,WEB 소스가 설치되어 있는 파일시스템 FULL로 인한 서비스 불가 확인을 위한 파일시스템 점검 (단위: %)
WEB 로그 저장 파일시스템 점검,WEB 로그 저장 파일시스템 점검,"WEB 서비스와 관련된 Access Slog, Error Log 등이 저장되는 파일 시스템 FULL로 인한 서비스 지연 확인을 위한 파일시스템 점검 (단위: %)"
서비스 포트 오픈 상태 점검,서비스 포트 오픈 상태 점검,WEB 프로세스 기동 시 생성되는 사용자 접속 Port가 정상적으로 오픈 되었는지 확인을 통해 URL 서비스 포트로 접속 가능한 상태인지 점검
서비스 포트 접속 정상 확인,서비스 포트 접속 정상 확인,출발지IP에서 목적지IP 포트로 통신이 정상적으로 이루어지는지 점검 - 방화벽 또는 보안장비 차단 여부 확인
사용자 요청량 처리 수 점검,사용자 요청량 처리 수 점검,WEB 서비스 지연 시 상태 확인을 위해 WEB 환경 설정값과 사용자 요청 건수가 적절하게 설정되었는지 확인
WEB-WAS 연동상태 점검,WEB-WAS 연동상태 점검,WEB-WAS 커넥션 상태가 지속적으로 연결되어 있어야 웹서버로 요청 시 WAS 응답 후 정상적인 서비스가 이뤄졌는지 점검 - 만료 시 Https 서비스 시 보안 취약 발생
프로세스 CPU 사용률,프로세스 CPU 사용률,WAS 서비스 부하 확인을 위한 WAS 프로세스가 사용하고 있는 CPU 자원 사용률 확인 (단위: %)
프로세스 메모리 사용률,프로세스 메모리 사용률,WAS 서비스 부하 확인을 위한 WAS 프로세스가 사용하고 있는 메모리 자원 사용률 확인 (단위: %)
프로세스 사용 상태 점검,프로세스 사용 상태 점검,점유 리소스 사용률 점검
프로세스 기동 상태 점검,프로세스 기동 상태 점검,서비스 컨테이너별 WAS 프로세스 확인 - 컨테이너 구동 시 실행되는 프로세스 점검
JVM Heap 점검,동적 메모리영역 점검,Java Heapmemory 여유공간 확인 - 객체 데이터 저장 공간인 Heap영역 공간 부족 시 발생 할수 있는 서비스 중단 등의 오류 상황 예방을 위한 점검 (단위: %)
Thread Pool 사용률 점검,어플리케이션 수행 공간 설정값 초과 여부 점검,Work Thread Pool 확인 - 기 설정된 Max 값과 현재 사용량을 체크하여 임계치 조정 등의 활동을 위한 점검 (단위: %)
장기수행 작업 확인,장기수행 작업 확인,"오래시간 동안 정체 중인 Thread 존재 유무 확인 - 쓰레드 여유 공간 확보를 위해 Tranjaction의 비정상적인 종료, DB Table 오류 등으로 인한 비정상적으로 장시간 적체 중인 쓰레드를 확인"
Connection Pool 사용률 점검,DB연결 객체저장공간 설정값 초과 여부 점검,DB에 연결된 객체 저장공간인 DB Connection Pool 확인 - 기 설정된 Max 값과 현재 사용량을 체크하여 임계치 조정 등의 활동을 위한 점검 (단위: %)
DB 연결 상태 점검,DB 연결 상태 점검,DB에 연결된 객체 저장공간인 DB Connection Pool 확인 - 각 컨테이너별 Enable상태 확인
Dump 파일 점검,Dump 파일 점검,메모리공간 부족으로 인한 Error 발생 시 생성되는 HeapDump 파일 발생 여부 확인 - 기설정된 Dump 옵션으로 Heap의 높은 사용량을 만든 원인을 분 석하기 위함
Deploy 상태 점검,Deploy 상태 점검,각 컨테이너별 Application Deploy 상태 확인 - 비정상 시 특정서비스 불가
환경처리시간 점검,평균처리시간 점검,"요청건수 및 전체 처리시간, 평균처리시간 확인 - 평균 처리 응답시간을 확인 하여 서비스 지연 처리 확인을 위한 점검 (단위: 초)"
기능 스크립트 확인,기동 스크립트 확인,각 인스턴스별 기동 스크립트 변경 여부 확인
DB엔진 파일시스템,DB엔진 파일시스템,DB 엔진이 설치된 파일시스템의 물리적인 저장 공간 사용률 점검 - Full 시 서비스 불가 (단위: %)
아카이브 로그 파일시스템,아카이브(데이터변경) 로그 파일시스템,DB 데이터 변경사항을 기록하는 아카이브 로그 파일 물리적인 저장 공간 사용률 - Full 시 서비스 불가 (단위: %)
DB 시스템 로그 파일시스템,DB 시스템 로그 파일시스템,DB 작동중 발생하는 기록에 대한 물리적인 로그 저장 공간 사용률 - Full 시 서비스 불가 (단위: %)
메인 프로세스 상태 점검,메인(관리) 프로세스 기동 상태 점검,서비스 수행을 위한 Oracle DBMS 메인 프로세스(smon) 구동 상태 여부 확인하여 DB 사용 유/무 확인
리스너 프로세스 기동 상태 점검,리스너(DB서비스 연결) 프로세스 기동 상태 점검,DB 서버와 클라이언트 간 접속 연결을 담당하는 리스너 프로세스 기동 여부 확인
DB 접속 상태 점검,DB 접속 상태 점검,DB가 기동되어있으나 실제 이상없이 DB가 접속 가능한는지 점검 - SQL 커맨드 모드로 접근하여 명령어 수행 상태 정상 점검
물리적 메모리 사용률,물리적 메모리 사용률,DB 프로세스가 사용중인 물리적 메모리 사용률을 점검하여 Swap ping(메모리 부족) 현상이 발생되지 않도록 적절한 메모리 수치값 점검 (단위: %)
물리적 CPU 사용률,물리적 CPU 사용률,DB 기동중인 상태에서 물리적 CPU 사용률 상태가 적절한 수치를 유지하는지 점검 (단위: %)
프로세스 개수 점검,프로세스 개수 점검,DB에 설정된 최대 프로세스 개수 대비 DB 기동 후 현재시점까지 접속했던 세션 프로세스 개수에 대한 사용율 점검 - 초과시 DB 접속 불가 및 서비스 지연 (단위: %)
공유메모리(SGA) 파라미터 점검,공유메모리(SGA) 파라미터 점검,DB에 접속하는 모든 사용자가 공유해서 사용하는 메모리로 물리 메모리 대비 적절한 값으로 설정되어 있는지 점검
Active-Standby 복제 점검,Active-Standby 구성 데이터 복제 정상 점검 (벤더별 점검방법 상이),이중화 DB에 대한 데이터 실시간 데이터 동기화가 문제없는지 점검
컨트롤파일 이중화,컨트롤파일 (DB 정보파일) 이중화,"오라클 DB 서버를 운영하기 위한 필수 정보를 가지고 있는 파일 로 파일 손상에 대비하여 2개 이상의 이중화(물리적, 논리적) 파일 로 구성되어 있는지 점검"
리두로그 파일 이중화,리두로그 파일 (데이터 변경사항 파일) 이중화,"데이터 변경 사항을 기록하는 오라클 온라인 리두로그 파일로 파일 손상에 대비하여 2개 이상의 이중화(물리적, 논리적) 파일로 구성 되어 있는지 점검"
테이블스페이스 사용률 점검,테이블스페이스 사용률 점검,DB 데이터가 저장되는 테이블스페이스 영역의 사용률이 90% 이상을 사용할 경우 테이블스페이스 공간 확보 대비 (단위: %)
DB 백업 상태 점검,DB 백업 상태 점검,"백업 형태(Begin/End, Rman, Exp 등), 날짜, 로그, 파일수 등을 점검 하여 장애 시 완전 복구 가능 여부 점검"
온라인 백업 가능 여부 점검,온라인 백업 가능 여부 점검,DB 운영중 온라인 백업이 가능하도록 아카이브 모드 상태가 활성화 되었는지 점검
환경 설정 파일 백업 점검,환경 설정 파일 백업 점검,장애 복구시 기존 환경설정 확인을 위한 Config file backup 파일 백업 점검
트랜잭션 로그 사이즈 점검,트랜잭션(데이터베이스 논리적 상태 변경)로그 사이즈 점검,"DB 운영시 발생되는 트랜잭션 로그에 대해 무한정 늘어나는 경우를 대비하여 로그 사이즈 점검, 저장 공간 Full 로 인한 서비스 불가 발생에 따름 (단위: MB)"
CPU 사용률,CPU 사용률,"라우터, 스위치 등의 네트워크 장비가 사용하는 CPU자원 사용률 확인 (단위: %)"
메모리 사용률,메모리 사용률,"라우터, 스위치 등의 네트워크 장비가 사용하는 메모리 사용률 확인 (단위: %)"
네트워크 인터페이스 사용률,네트워크 인터페이스 사용률,네트워크 인터페이스 사용현황을 확인하여 네트워크 병목여부 확인 (단위: %)
인터페이스/모듈 상태,인터페이스/모듈 상태,각 인터페이스/Module Down/up 상태 점검 및 CRC error 증가 여부 확인
VLAN 상태 점검,VLAN 상태 점검,VLAN 상태 및 Tagging 확인
LB 상태 확인,각 LB 상태 확인,부하 분산 상태 점검 및 real 서버 Health-Check 상태 점검
Mac/Arp Table 상태 확인,Mac/Arp Table 상태 확인,Mac/Arp Table 정상 여부 확인
라우팅 Table 상태,라우팅 Table 상태,Static/OSPF/BGP 라우팅 Table 정상 여부 확인
STP 상태 점검,STP 상태 점검,STP 설정을 통해 Loop구조를 방지하고 원활한 통신상태를 확인
이중화 구성 상태 점검,이중화 구성 상태 점검,Failover 상태 확인
통신 테스트,통신 테스트,특정 장비와 통신상태를 확인함으로써 정상 통신 여부를 확인
CPU 사용률,CPU 사용률,"방화벽, IDS, IPS 등 보안장비 프로세스가 사용하고 있는 CPU 자원 사용률 확인 (단위: %)"
메모리 사용률,메모리 사용률,"방화벽, IDS, IPS 등 보안장비 프로세스가 사용하고 있는 메모리 자원 사용률 확인 (단위: %)"
보안 엔진 설치 파일시스템 점검,보안 엔진 설치 파일시스템 점검,보안 프로그램 엔진 설치 파일시스템 FULL로 인한 서비스 불가 확인을 위한 파일시스템 점검 (단위: %)
로그 저장 파일시스템 점검,로그 저장 파일시스템 점검,"서비스와 관련된 Access Slog, Error Log 등이 저장되는 파일시스템 FULL로 인한 서비스 지연 확인을 위한 파일시스템 점검 (단위: %)"
보안 SW 상태 확인,보안 SW 상태 확인,보안장비 프로세스 및 AP 데몬 상태 점검
트래픽 현황 점검,트래픽 현황 점검,보안장비로 유입·처리하는 총 트래픽 및 현황 점검
세션 상태,세션 상태,장비 총 세션량 확인
인터페이스 상태,인터페이스 상태,사용 인터페이스의 에러 및 드랍율 확인을 통해 인터페이스 점검
프로세스 상태,프로세스 상태,장비 프로세스 정상 유무 확인
장비 간 연결 확인,장비 간 연결 확인,FLB 및 각 구성 간 연결 상태 점검
이중화,이중화,보안장비 HA(이중화) 상태 점검
모듈 상태 확인,모듈 상태 확인,"각 인터페이스 및 Ping Loss, CRC Error 상태 확인"
접근제어 확인,접근제어 확인,시스템 접근제어 및 네트워크 접근 제어 (NAC 장비)
